Trip_date,Pool_time,Sharing_cost,Individual_cost,Four_sharing,Two_sharing,Individual_distance,Lone_trips,Three_sharing,Individual_distance,,,
5/3/2015,0:01:00,2959.992,4739.49,62,17,4739.49,0,1,1440.27,,,
5/3/2015,0:02:00,0,0,0,0,0,0,0,0,,,
5/3/2015,0:03:00,0,0,0,0,0,0,0,0,,,
5/3/2015,0:04:00,0,0,0,0,0,0,0,0,,,
5/3/2015,0:05:00,0,0,0,0,0,0,0,0,,,
5/3/2015,0:06:00,0,0,0,0,0,0,0,0,,,
5/3/2015,0:07:00,0,0,0,0,0,0,0,0,,,
5/3/2015,0:08:00,0,0,0,0,0,0,0,0,,,
5/3/2015,0:09:00,0,0,0,0,0,0,0,0,,,
5/3/2015,0:10:00,0,0,0,0,0,0,0,0,,,
5/3/2015,0:11:00,288.966,454.07,5,2,454.07,1,0,150.17,,,
5/3/2015,0:12:00,1937.32,3091.12,41,12,3091.12,0,0,956.09,,,
5/3/2015,0:13:00,1324.02,2094.29,26,10,2094.29,0,0,668.56,,,
5/3/2015,0:14:00,0,0,0,0,0,0,0,0,,,
5/3/2015,0:15:00,0,0,0,0,0,0,0,0,,,
5/3/2015,0:16:00,0,0,0,0,0,0,0,0,,,
5/3/2015,0:17:00,0,0,0,0,0,0,0,0,,,
5/3/2015,0:18:00,0,0,0,0,0,0,0,0,,,
5/3/2015,0:19:00,0,0,0,0,0,0,0,0,,,
5/3/2015,0:20:00,0,0,0,0,0,0,0,0,,,
5/3/2015,0:21:00,0,0,0,0,0,0,0,0,,,
5/3/2015,0:22:00,0,0,0,0,0,0,0,0,,,
5/3/2015,0:23:00,0,0,0,0,0,0,0,0,,,
5/3/2015,0:24:00,0,0,0,0,0,0,0,0,,,
5/3/2015,0:25:00,0,0,0,0,0,0,0,0,,,
5/3/2015,0:26:00,0,0,0,0,0,0,0,0,,,
5/3/2015,0:27:00,0,0,0,0,0,0,0,0,,,
5/3/2015,0:28:00,0,0,0,0,0,0,0,0,,,
5/3/2015,0:29:00,0,0,0,0,0,0,0,0,,,
5/3/2015,0:30:00,0,0,0,0,0,0,0,0,,,
5/3/2015,0:31:00,0,0,0,0,0,0,0,0,,,
5/3/2015,0:32:00,0,0,0,0,0,0,0,0,,,
5/3/2015,0:33:00,0,0,0,0,0,0,0,0,,,
5/3/2015,0:34:00,0,0,0,0,0,0,0,0,,,
5/3/2015,0:35:00,519.924,804.69,9,5,804.69,1,0,269.74,,,
5/3/2015,0:36:00,1789.132,2862.65,38,11,2862.65,0,1,889.72,,,
5/3/2015,0:37:00,1716.28,2731.88,35,12,2731.88,0,1,855.42,,,
5/3/2015,0:38:00,809.294,1293.9,16,5,1293.9,1,0,394.77,,,
5/3/2015,0:39:00,0,0,0,0,0,0,0,0,,,
5/3/2015,0:40:00,0,0,0,0,0,0,0,0,,,
5/3/2015,0:41:00,0,0,0,0,0,0,0,0,,,
5/3/2015,0:42:00,0,0,0,0,0,0,0,0,,,
5/3/2015,0:43:00,0,0,0,0,0,0,0,0,,,
5/3/2015,0:44:00,0,0,0,0,0,0,0,0,,,
5/3/2015,0:45:00,0,0,0,0,0,0,0,0,,,
5/3/2015,0:46:00,0,0,0,0,0,0,0,0,,,
5/3/2015,0:47:00,0,0,0,0,0,0,0,0,,,
5/3/2015,0:48:00,0,0,0,0,0,0,0,0,,,
5/3/2015,0:49:00,95.638,137.55,1,2,137.55,0,1,57.15,,,
5/3/2015,0:50:00,858.144,1363.18,17,6,1363.18,0,0,430.65,,,
5/3/2015,0:51:00,389.736,637.7,9,1,637.7,0,3,196.31,,,
5/3/2015,0:52:00,670.342,1092.99,15,2,1092.99,0,0,332.77,,,
5/3/2015,0:53:00,2222.064,3516.6,44,17,3516.6,0,1,1079.22,,,
5/3/2015,0:54:00,2551.682,4048.07,51,17,4048.07,1,0,1255,,,
5/3/2015,0:55:00,585.096,932.62,12,4,932.62,0,0,301.55,,,
5/3/2015,0:56:00,0,0,0,0,0,0,0,0,,,
5/3/2015,0:57:00,0,0,0,0,0,0,0,0,,,
5/3/2015,0:58:00,0,0,0,0,0,0,0,0,,,
5/3/2015,0:59:00,0,0,0,0,0,0,0,0,,,
5/3/2015,1:00:00,1377.914,2182.25,27,10,2182.25,0,1,694.07,,,
5/3/2015,1:01:00,1852.574,2975.24,39,10,2975.24,0,1,900.31,,,
5/3/2015,1:02:00,2978.026,4663.7,56,27,4663.7,0,0,1487.23,,,
5/3/2015,1:03:00,150.292,230.7,2,1,230.7,1,2,76.68,,,
5/3/2015,1:04:00,0,0,0,0,0,0,0,0,,,
5/3/2015,1:05:00,0,0,0,0,0,0,0,0,,,
5/3/2015,1:06:00,0,0,0,0,0,0,0,0,,,
5/3/2015,1:07:00,0,0,0,0,0,0,0,0,,,
5/3/2015,1:08:00,0,0,0,0,0,0,0,0,,,
5/3/2015,1:09:00,0,0,0,0,0,0,0,0,,,
5/3/2015,1:10:00,0,0,0,0,0,0,0,0,,,
5/3/2015,1:11:00,0,0,0,0,0,0,0,0,,,
5/3/2015,1:12:00,0,0,0,0,0,0,0,0,,,
5/3/2015,1:13:00,0,0,0,0,0,0,0,0,,,
5/3/2015,1:14:00,0,0,0,0,0,0,0,0,,,
5/3/2015,1:15:00,271.982,440.12,6,1,440.12,0,0,144.63,,,
5/3/2015,1:16:00,2958.558,4696.37,60,21,4696.37,0,1,1471.33,,,
5/3/2015,1:17:00,1606.902,2587.99,35,8,2587.99,0,1,788.72,,,
5/3/2015,1:18:00,2582.67,4145.33,52,14,4145.33,0,0,1203.48,,,
5/3/2015,1:19:00,2630.926,4209.63,56,16,4209.63,0,1,1284.8,,,
5/3/2015,1:20:00,151.852,244.6,3,1,244.6,0,1,82.82,,,
5/3/2015,1:21:00,0,0,0,0,0,0,0,0,,,
5/3/2015,1:22:00,0,0,0,0,0,0,0,0,,,
5/3/2015,1:23:00,327.178,522.24,7,2,522.24,0,0,174.72,,,
5/3/2015,1:24:00,2323.026,3719.93,50,15,3719.93,0,0,1141.13,,,
5/3/2015,1:25:00,335.724,547.99,8,1,547.99,0,1,176.66,,,
5/3/2015,1:26:00,0,0,0,0,0,0,0,0,,,
5/3/2015,1:27:00,0,0,0,0,0,0,0,0,,,
5/3/2015,1:28:00,0,0,0,0,0,0,0,0,,,
5/3/2015,1:29:00,0,0,0,0,0,0,0,0,,,
5/3/2015,1:30:00,0,0,0,0,0,0,0,0,,,
5/3/2015,1:31:00,0,0,0,0,0,0,0,0,,,
5/3/2015,1:32:00,0,0,0,0,0,0,0,0,,,
5/3/2015,1:33:00,0,0,0,0,0,0,0,0,,,
5/3/2015,1:34:00,0,0,0,0,0,0,0,0,,,
5/3/2015,1:35:00,0,0,0,0,0,0,0,0,,,
5/3/2015,1:36:00,0,0,0,0,0,0,0,0,,,
5/3/2015,1:37:00,1526.626,2387.47,28,11,2387.47,1,0,729.57,,,
5/3/2015,1:38:00,0,0,0,0,0,0,0,0,,,
5/3/2015,1:39:00,0,0,0,0,0,0,0,0,,,
5/3/2015,1:40:00,1215.988,1968.88,28,6,1968.88,0,1,588.79,,,
5/3/2015,1:41:00,0,0,0,0,0,0,0,0,,,
5/3/2015,1:42:00,0,0,0,0,0,0,0,0,,,
5/3/2015,1:43:00,0,0,0,0,0,0,0,0,,,
5/3/2015,1:44:00,0,0,0,0,0,0,0,0,,,
5/3/2015,1:45:00,0,0,0,0,0,0,0,0,,,
5/3/2015,1:46:00,0,0,0,0,0,0,0,0,,,
5/3/2015,1:47:00,0,0,0,0,0,0,0,0,,,
5/3/2015,1:48:00,0,0,0,0,0,0,0,0,,,
5/3/2015,1:49:00,0,0,0,0,0,0,0,0,,,
5/3/2015,1:50:00,1342.794,2124.07,27,10,2124.07,0,0,691.37,,,
5/3/2015,1:51:00,0,0,0,0,0,0,1,0,,,
5/3/2015,1:52:00,0,0,0,0,0,0,0,0,,,
5/3/2015,1:53:00,0,0,0,0,0,0,0,0,,,
5/3/2015,1:54:00,0,0,0,0,0,0,0,0,,,
5/3/2015,1:55:00,1835.994,2930.8,39,14,2930.8,0,0,923.81,,,
5/3/2015,1:56:00,1087.862,1747.98,23,6,1747.98,1,0,535.2,,,
5/3/2015,1:57:00,0,0,0,0,0,0,0,0,,,
5/3/2015,1:58:00,0,0,0,0,0,0,0,0,,,
5/3/2015,1:59:00,0,0,0,0,0,0,0,0,,,
5/3/2015,2:00:00,0,0,0,0,0,0,0,0,,,
5/3/2015,2:01:00,0,0,0,0,0,0,0,0,,,
5/3/2015,2:02:00,0,0,0,0,0,0,0,0,,,
5/3/2015,2:03:00,0,0,0,0,0,0,0,0,,,
5/3/2015,2:04:00,0,0,0,0,0,0,0,0,,,
5/3/2015,2:05:00,0,0,0,0,0,0,0,0,,,
5/3/2015,2:06:00,0,0,0,0,0,0,0,0,,,
5/3/2015,2:07:00,0,0,0,0,0,0,0,0,,,
5/3/2015,2:08:00,0,0,0,0,0,0,0,0,,,
5/3/2015,2:09:00,0,0,0,0,0,0,0,0,,,
5/3/2015,2:10:00,80.826,134.71,2,0,134.71,0,0,45.81,,,
5/3/2015,2:11:00,1311.813,2098.04,28,8,2098.04,1,1,659.72,,,
5/3/2015,2:12:00,0,0,0,0,0,0,0,0,,,
5/3/2015,2:13:00,0,0,0,0,0,0,0,0,,,
5/3/2015,2:14:00,0,0,0,0,0,0,0,0,,,
5/3/2015,2:15:00,0,0,0,0,0,0,0,0,,,
5/3/2015,2:16:00,1364.334,2160.38,29,10,2160.38,0,1,689.16,,,
5/3/2015,2:17:00,0,0,0,0,0,0,0,0,,,
5/3/2015,2:18:00,914.484,1471.84,20,5,1471.84,0,1,461.78,,,
5/3/2015,2:19:00,1815.103,2925.88,39,8,2925.88,1,0,893.94,,,
5/3/2015,2:20:00,347.17,557.19,7,2,557.19,1,0,175.56,,,
5/3/2015,2:21:00,1502.802,2386.6,29,11,2386.6,0,0,732.24,,,
5/3/2015,2:22:00,0,0,0,0,0,0,0,0,,,
5/3/2015,2:23:00,0,0,0,0,0,0,0,0,,,
5/3/2015,2:24:00,0,0,0,0,0,0,0,0,,,
5/3/2015,2:25:00,0,0,0,0,0,0,0,0,,,
5/3/2015,2:26:00,0,0,0,0,0,0,0,0,,,
5/3/2015,2:27:00,0,0,0,0,0,0,0,0,,,
5/3/2015,2:28:00,0,0,0,0,0,0,0,0,,,
5/3/2015,2:29:00,0,0,0,0,0,0,0,0,,,
5/3/2015,2:30:00,0,0,0,0,0,0,0,0,,,
5/3/2015,2:31:00,0,0,0,0,0,0,0,0,,,
5/3/2015,2:32:00,0,0,0,0,0,0,0,0,,,
5/3/2015,2:33:00,0,0,0,0,0,0,0,0,,,
5/3/2015,2:34:00,0,0,0,0,0,0,0,0,,,
5/3/2015,2:35:00,493.663,767.36,9,5,767.36,1,0,266.95,,,
5/3/2015,2:36:00,824.896,1295.05,16,7,1295.05,0,0,418.34,,,
5/3/2015,2:37:00,0,0,0,0,0,0,0,0,,,
5/3/2015,2:38:00,0,0,0,0,0,0,0,0,,,
5/3/2015,2:39:00,0,0,0,0,0,0,0,0,,,
5/3/2015,2:40:00,0,0,0,0,0,0,0,0,,,
5/3/2015,2:41:00,0,0,0,0,0,0,0,0,,,
5/3/2015,2:42:00,0,0,0,0,0,0,0,0,,,
5/3/2015,2:43:00,0,0,0,0,0,0,0,0,,,
5/3/2015,2:44:00,0,0,0,0,0,0,0,0,,,
5/3/2015,2:45:00,1417.4,2251.46,29,10,2251.46,1,0,716.19,,,
5/3/2015,2:46:00,1832.862,2935.69,36,11,2935.69,0,0,865.22,,,
5/3/2015,2:47:00,1568.112,2451.08,29,12,2451.08,1,0,746.13,,,
5/3/2015,2:48:00,191.75,303.22,4,2,303.22,0,0,105.21,,,
5/3/2015,2:49:00,0,0,0,0,0,0,0,0,,,
5/3/2015,2:50:00,0,0,0,0,0,0,0,0,,,
5/3/2015,2:51:00,1212.56,1936.28,26,8,1936.28,0,2,620.35,,,
5/3/2015,2:52:00,153.651,247.52,3,0,247.52,1,1,76.44,,,
5/3/2015,2:53:00,0,0,0,0,0,0,0,0,,,
5/3/2015,2:54:00,0,0,0,0,0,0,0,0,,,
5/3/2015,2:55:00,0,0,0,0,0,0,0,0,,,
5/3/2015,2:56:00,677.098,1094,15,3,1094,0,1,340.64,,,
5/3/2015,2:57:00,726.223,1129.55,13,7,1129.55,1,0,380.54,,,
5/3/2015,2:58:00,0,0,0,0,0,0,0,0,,,
5/3/2015,2:59:00,0,0,0,0,0,0,0,0,,,
5/3/2015,3:00:00,0,0,0,0,0,0,0,0,,,
5/3/2015,3:01:00,0,0,0,0,0,0,0,0,,,
5/3/2015,3:02:00,0,0,0,0,0,0,0,0,,,
5/3/2015,3:03:00,0,0,0,0,0,0,0,0,,,
5/3/2015,3:04:00,0,0,0,0,0,0,0,0,,,
5/3/2015,3:05:00,0,0,0,0,0,0,0,0,,,
5/3/2015,3:06:00,0,0,0,0,0,0,0,0,,,
5/3/2015,3:07:00,0,0,0,0,0,0,0,0,,,
5/3/2015,3:08:00,0,0,0,0,0,0,0,0,,,
5/3/2015,3:09:00,0,0,0,0,0,0,0,0,,,
5/3/2015,3:10:00,0,0,0,0,0,0,0,0,,,
5/3/2015,3:11:00,974.73,1534.1,20,8,1534.1,0,1,517.4,,,
5/3/2015,3:12:00,1559.21,2483.46,33,10,2483.46,0,1,791.66,,,
5/3/2015,3:13:00,462.58,726.51,9,4,726.51,0,2,254.3,,,
5/3/2015,3:14:00,0,0,0,0,0,0,0,0,,,
5/3/2015,3:15:00,0,0,0,0,0,0,0,0,,,
5/3/2015,3:16:00,0,0,0,0,0,0,0,0,,,
5/3/2015,3:17:00,830.486,1315.47,17,6,1315.47,0,2,420.04,,,
5/3/2015,3:18:00,106.102,164.64,2,1,164.64,0,1,61.73,,,
5/3/2015,3:19:00,0,0,0,0,0,0,0,0,,,
5/3/2015,3:20:00,0,0,0,0,0,0,0,0,,,
5/3/2015,3:21:00,0,0,0,0,0,0,0,0,,,
5/3/2015,3:22:00,0,0,0,0,0,0,0,0,,,
5/3/2015,3:23:00,0,0,0,0,0,0,0,0,,,
5/3/2015,3:24:00,0,0,0,0,0,0,0,0,,,
5/3/2015,3:25:00,494.508,794.52,10,3,794.52,0,1,250.42,,,
5/3/2015,3:26:00,883.892,1401.11,19,7,1401.11,0,2,464.16,,,
5/3/2015,3:27:00,0,0,0,0,0,0,0,0,,,
5/3/2015,3:28:00,0,0,0,0,0,0,0,0,,,
5/3/2015,3:29:00,0,0,0,0,0,0,0,0,,,
5/3/2015,3:30:00,0,0,0,0,0,0,0,0,,,
5/3/2015,3:31:00,0,0,0,0,0,0,0,0,,,
5/3/2015,3:32:00,0,0,0,0,0,0,0,0,,,
5/3/2015,3:33:00,0,0,0,0,0,0,0,0,,,
5/3/2015,3:34:00,0,0,0,0,0,0,0,0,,,
5/3/2015,3:35:00,0,0,0,0,0,0,0,0,,,
5/3/2015,3:36:00,0,0,0,0,0,0,0,0,,,
5/3/2015,3:37:00,0,0,0,0,0,0,0,0,,,
5/3/2015,3:38:00,0,0,0,0,0,0,0,0,,,
5/3/2015,3:39:00,0,0,0,0,0,0,0,0,,,
5/3/2015,3:40:00,0,0,0,0,0,0,0,0,,,
5/3/2015,3:41:00,0,0,0,0,0,0,0,0,,,
5/3/2015,3:42:00,0,0,0,0,0,0,0,0,,,
5/3/2015,3:43:00,627.65,975.62,12,6,975.62,0,3,335.63,,,
5/3/2015,3:44:00,1182.35,1875.43,23,9,1875.43,1,0,596.22,,,
5/3/2015,3:45:00,1103.632,1773.84,25,6,1773.84,0,1,560.86,,,
5/3/2015,3:46:00,1334.03,2089.74,25,12,2089.74,1,0,683.36,,,
5/3/2015,3:47:00,449.878,706.98,9,4,706.98,0,1,237.16,,,
5/3/2015,3:48:00,0,0,0,0,0,0,0,0,,,
5/3/2015,3:49:00,0,0,0,0,0,0,0,0,,,
5/3/2015,3:50:00,0,0,0,0,0,0,0,0,,,
5/3/2015,3:51:00,0,0,0,0,0,0,0,0,,,
5/3/2015,3:52:00,0,0,0,0,0,0,0,0,,,
5/3/2015,3:53:00,0,0,0,0,0,0,1,0,,,
5/3/2015,3:54:00,882.768,1406.94,19,6,1406.94,0,1,473.18,,,
5/3/2015,3:55:00,1096.936,1807.35,26,2,1807.35,0,1,517.16,,,
5/3/2015,3:56:00,161.294,246.85,3,2,246.85,0,2,93.79,,,
5/3/2015,3:57:00,0,0,0,0,0,0,0,0,,,
5/3/2015,3:58:00,0,0,0,0,0,0,0,0,,,
5/3/2015,3:59:00,0,0,0,0,0,0,0,0,,,
5/3/2015,4:00:00,0,0,0,0,0,0,0,0,,,
5/3/2015,4:01:00,0,0,0,0,0,0,0,0,,,
5/3/2015,4:02:00,0,0,0,0,0,0,0,0,,,
5/3/2015,4:03:00,919.712,1462.81,19,7,1462.81,1,0,473.02,,,
5/3/2015,4:04:00,776.99,1242.71,17,5,1242.71,0,1,394.62,,,
5/3/2015,4:05:00,0,0,0,0,0,0,0,0,,,
5/3/2015,4:06:00,0,0,0,0,0,0,0,0,,,
5/3/2015,4:07:00,0,0,0,0,0,0,0,0,,,
5/3/2015,4:08:00,0,0,0,0,0,0,0,0,,,
5/3/2015,4:09:00,0,0,0,0,0,0,0,0,,,
5/3/2015,4:10:00,0,0,0,0,0,0,0,0,,,
5/3/2015,4:11:00,0,0,0,0,0,0,0,0,,,
5/3/2015,4:12:00,0,0,0,0,0,0,0,0,,,
5/3/2015,4:13:00,0,0,0,0,0,0,0,0,,,
5/3/2015,4:14:00,0,0,0,0,0,0,0,0,,,
5/3/2015,4:15:00,0,0,0,0,0,0,0,0,,,
5/3/2015,4:16:00,0,0,0,0,0,0,0,0,,,
5/3/2015,4:17:00,0,0,0,0,0,0,0,0,,,
5/3/2015,4:18:00,0,0,0,0,0,0,0,0,,,
5/3/2015,4:19:00,0,0,0,0,0,0,0,0,,,
5/3/2015,4:20:00,0,0,0,0,0,0,0,0,,,
5/3/2015,4:21:00,0,0,0,0,0,0,0,0,,,
5/3/2015,4:22:00,0,0,0,0,0,0,0,0,,,
5/3/2015,4:23:00,0,0,0,0,0,0,0,0,,,
5/3/2015,4:24:00,0,0,0,0,0,0,0,0,,,
5/3/2015,4:25:00,0,0,0,0,0,0,0,0,,,
5/3/2015,4:26:00,0,0,0,0,0,0,0,0,,,
5/3/2015,4:27:00,0,0,0,0,0,0,0,0,,,
5/3/2015,4:28:00,0,0,0,0,0,0,0,0,,,
5/3/2015,4:29:00,0,0,0,0,0,0,0,0,,,
5/3/2015,4:30:00,0,0,0,0,0,0,0,0,,,
5/3/2015,4:31:00,0,0,0,0,0,0,0,0,,,
5/3/2015,4:32:00,0,0,0,0,0,0,0,0,,,
5/3/2015,4:33:00,0,0,0,0,0,0,0,0,,,
5/3/2015,4:34:00,0,0,0,0,0,0,0,0,,,
5/3/2015,4:35:00,0,0,0,0,0,0,0,0,,,
5/3/2015,4:36:00,0,0,0,0,0,0,0,0,,,
5/3/2015,4:37:00,0,0,0,0,0,0,0,0,,,
5/3/2015,4:38:00,0,0,0,0,0,0,0,0,,,
5/3/2015,4:39:00,0,0,0,0,0,0,0,0,,,
5/3/2015,4:40:00,0,0,0,0,0,0,0,0,,,
5/3/2015,4:41:00,0,0,0,0,0,0,0,0,,,
5/3/2015,4:42:00,0,0,0,0,0,0,0,0,,,
5/3/2015,4:43:00,0,0,0,0,0,0,0,0,,,
5/3/2015,4:44:00,0,0,0,0,0,0,0,0,,,
5/3/2015,4:45:00,0,0,0,0,0,0,0,0,,,
5/3/2015,4:46:00,0,0,0,0,0,0,0,0,,,
5/3/2015,4:47:00,200.624,313.41,3,1,313.41,2,1,123.66,,,
5/3/2015,4:48:00,540.98,857.89,11,4,857.89,0,2,291.82,,,
5/3/2015,4:49:00,485.086,793.82,12,1,793.82,0,0,261.54,,,
5/3/2015,4:50:00,485.948,779.97,11,3,779.97,0,1,280.68,,,
5/3/2015,4:51:00,497.731,813.2,12,1,813.2,1,1,285.97,,,
5/3/2015,4:52:00,799.253,1243.51,15,8,1243.51,1,0,432.87,,,
5/3/2015,4:53:00,938.716,1487.12,19,6,1487.12,1,1,497.51,,,
5/3/2015,4:54:00,878.576,1396.46,18,6,1396.46,0,2,467.85,,,
5/3/2015,4:55:00,698.435,1122.02,15,3,1122.02,1,1,363.54,,,
5/3/2015,4:56:00,504.326,787.38,9,5,787.38,0,0,297.83,,,
5/3/2015,4:57:00,0,0,0,0,0,0,0,0,,,
5/3/2015,4:58:00,0,0,0,0,0,0,0,0,,,
5/3/2015,4:59:00,0,0,0,0,0,0,0,0,,,
5/3/2015,5:00:00,0,0,0,0,0,0,0,0,,,
5/3/2015,5:01:00,0,0,0,0,0,0,0,0,,,
5/3/2015,5:02:00,0,0,0,0,0,0,0,0,,,
5/3/2015,5:03:00,0,0,0,0,0,0,0,0,,,
5/3/2015,5:04:00,0,0,0,0,0,0,0,0,,,
5/3/2015,5:05:00,0,0,0,0,0,0,0,0,,,
5/3/2015,5:06:00,0,0,0,0,0,0,0,0,,,
5/3/2015,5:07:00,0,0,0,0,0,0,0,0,,,
5/3/2015,5:08:00,0,0,0,0,0,0,0,0,,,
5/3/2015,5:09:00,0,0,0,0,0,0,0,0,,,
5/3/2015,5:10:00,0,0,0,0,0,0,0,0,,,
5/3/2015,5:11:00,0,0,0,0,0,0,0,0,,,
5/3/2015,5:12:00,0,0,0,0,0,0,0,0,,,
5/3/2015,5:13:00,0,0,0,0,0,0,0,0,,,
5/3/2015,5:14:00,0,0,0,0,0,0,0,0,,,
5/3/2015,5:15:00,0,0,0,0,0,0,0,0,,,
5/3/2015,5:16:00,0,0,0,0,0,0,0,0,,,
5/3/2015,5:17:00,0,0,0,0,0,0,0,0,,,
5/3/2015,5:18:00,0,0,0,0,0,0,0,0,,,
5/3/2015,5:19:00,0,0,0,0,0,0,0,0,,,
5/3/2015,5:20:00,0,0,0,0,0,0,0,0,,,
5/3/2015,5:21:00,0,0,0,0,0,0,0,0,,,
5/3/2015,5:22:00,0,0,0,0,0,0,0,0,,,
5/3/2015,5:23:00,0,0,0,0,0,0,0,0,,,
5/3/2015,5:24:00,0,0,0,0,0,0,0,0,,,
5/3/2015,5:25:00,0,0,0,0,0,0,0,0,,,
5/3/2015,5:26:00,0,0,0,0,0,0,0,0,,,
5/3/2015,5:27:00,0,0,0,0,0,0,0,0,,,
5/3/2015,5:28:00,0,0,0,0,0,0,0,0,,,
5/3/2015,5:29:00,0,0,0,0,0,0,0,0,,,
5/3/2015,5:30:00,0,0,0,0,0,0,0,0,,,
5/3/2015,5:31:00,0,0,0,0,0,0,0,0,,,
5/3/2015,5:32:00,0,0,0,0,0,0,0,0,,,
5/3/2015,5:33:00,0,0,0,0,0,0,0,0,,,
5/3/2015,5:34:00,0,0,0,0,0,0,0,0,,,
5/3/2015,5:35:00,0,0,0,0,0,0,0,0,,,
5/3/2015,5:36:00,0,0,0,0,0,0,0,0,,,
5/3/2015,5:37:00,0,0,0,0,0,0,0,0,,,
5/3/2015,5:38:00,214.943,324.96,3,3,324.96,1,1,131.7,,,
5/3/2015,5:39:00,248.114,384.33,4,2,384.33,1,0,152.25,,,
5/3/2015,5:40:00,216.364,348.37,5,1,348.37,0,3,131.88,,,
5/3/2015,5:41:00,418.716,658.41,5,3,658.41,1,0,180.91,,,
5/3/2015,5:42:00,400.206,636.68,9,4,636.68,0,1,230.94,,,
5/3/2015,5:43:00,304.721,483.86,6,2,483.86,1,0,169.32,,,
5/3/2015,5:44:00,269.764,402.53,4,4,402.53,0,1,160.28,,,
5/3/2015,5:45:00,266.6,432.57,6,1,432.57,0,1,138.52,,,
5/3/2015,5:46:00,243.496,381.48,5,2,381.48,0,2,146.3,,,
5/3/2015,5:47:00,0,0,0,0,0,0,0,0,,,
5/3/2015,5:48:00,0,0,0,0,0,0,0,0,,,
5/3/2015,5:49:00,0,0,0,0,0,0,0,0,,,
5/3/2015,5:50:00,0,0,0,0,0,0,0,0,,,
5/3/2015,5:51:00,0,0,0,0,0,0,0,0,,,
5/3/2015,5:52:00,0,0,0,0,0,0,0,0,,,
5/3/2015,5:53:00,0,0,0,0,0,0,0,0,,,
5/3/2015,5:54:00,0,0,0,0,0,0,0,0,,,
5/3/2015,5:55:00,0,0,0,0,0,0,0,0,,,
5/3/2015,5:56:00,0,0,0,0,0,0,0,0,,,
5/3/2015,5:57:00,0,0,0,0,0,0,0,0,,,
5/3/2015,5:58:00,0,0,0,0,0,0,0,0,,,
5/3/2015,5:59:00,0,0,0,0,0,0,0,0,,,
5/3/2015,7:00:00,0,0,0,0,0,0,0,0,,,
5/3/2015,7:01:00,0,0,0,0,0,0,0,0,,,
5/3/2015,7:02:00,0,0,0,0,0,0,0,0,,,
5/3/2015,7:03:00,0,0,0,0,0,0,0,0,,,
5/3/2015,7:04:00,0,0,0,0,0,0,0,0,,,
5/3/2015,7:05:00,0,0,0,0,0,0,0,0,,,
5/3/2015,7:06:00,0,0,0,0,0,0,0,0,,,
5/3/2015,7:07:00,0,0,0,0,0,0,0,0,,,
5/3/2015,7:08:00,0,0,0,0,0,0,0,0,,,
5/3/2015,7:09:00,0,0,0,0,0,0,0,0,,,
5/3/2015,7:10:00,378.54,604.56,7,2,604.56,1,1,190.61,,,
5/3/2015,7:11:00,393.098,613.71,7,3,613.71,1,3,224.02,,,
5/3/2015,7:12:00,346.56,552.44,7,2,552.44,0,1,190.44,,,
5/3/2015,7:13:00,330.476,529.45,7,2,529.45,0,6,169.9,,,
5/3/2015,7:14:00,416.424,661.09,8,3,661.09,0,1,215.43,,,
5/3/2015,7:15:00,463.832,748.51,10,2,748.51,0,3,232.25,,,
5/3/2015,7:16:00,341.754,531.61,7,4,531.61,0,2,194.17,,,
5/3/2015,7:17:00,398.75,609.14,6,5,609.14,1,1,222.19,,,
5/3/2015,7:18:00,491.122,754.44,8,5,754.44,1,2,288.59,,,
5/3/2015,7:19:00,236.726,382.87,5,1,382.87,0,3,123.04,,,
5/3/2015,7:20:00,370.268,605.22,8,1,605.22,0,3,192.19,,,
5/3/2015,7:21:00,0,0,0,0,0,0,0,0,,,
5/3/2015,7:22:00,0,0,0,0,0,0,0,0,,,
5/3/2015,7:23:00,0,0,0,0,0,0,0,0,,,
5/3/2015,7:24:00,0,0,0,0,0,0,0,0,,,
5/3/2015,7:25:00,0,0,0,0,0,0,0,0,,,
5/3/2015,7:26:00,0,0,0,0,0,0,0,0,,,
5/3/2015,7:27:00,0,0,0,0,0,0,0,0,,,
5/3/2015,7:28:00,0,0,0,0,0,0,0,0,,,
5/3/2015,7:29:00,0,0,0,0,0,0,0,0,,,
5/3/2015,7:30:00,0,0,0,0,0,0,0,0,,,
5/3/2015,7:31:00,0,0,0,0,0,0,0,0,,,
5/3/2015,7:32:00,0,0,0,0,0,0,0,0,,,
5/3/2015,7:33:00,0,0,0,0,0,0,0,0,,,
5/3/2015,7:34:00,0,0,0,0,0,0,0,0,,,
5/3/2015,7:35:00,0,0,0,0,0,0,0,0,,,
5/3/2015,7:36:00,0,0,0,0,0,0,0,0,,,
5/3/2015,7:37:00,0,0,0,0,0,0,0,0,,,
5/3/2015,7:38:00,0,0,0,0,0,0,0,0,,,
5/3/2015,7:39:00,0,0,0,0,0,0,0,0,,,
5/3/2015,7:40:00,0,0,0,0,0,0,0,0,,,
5/3/2015,7:41:00,0,0,0,0,0,0,0,0,,,
5/3/2015,7:42:00,0,0,0,0,0,0,0,0,,,
5/3/2015,7:43:00,0,0,0,0,0,0,0,0,,,
5/3/2015,7:44:00,0,0,0,0,0,0,0,0,,,
5/3/2015,7:45:00,0,0,0,0,0,0,0,0,,,
5/3/2015,7:46:00,0,0,0,0,0,0,0,0,,,
5/3/2015,7:47:00,0,0,0,0,0,0,0,0,,,
5/3/2015,7:48:00,0,0,0,0,0,0,0,0,,,
5/3/2015,7:49:00,0,0,0,0,0,0,0,0,,,
5/3/2015,7:50:00,0,0,0,0,0,0,0,0,,,
5/3/2015,7:51:00,290.018,450.15,5,3,450.15,0,0,164.62,,,
5/3/2015,7:52:00,716.818,1145.24,15,4,1145.24,0,1,379.69,,,
5/3/2015,7:53:00,741.658,1196.08,16,4,1196.08,0,5,380.6,,,
5/3/2015,7:54:00,0,0,0,0,0,0,0,0,,,
5/3/2015,7:55:00,0,0,0,0,0,0,0,0,,,
5/3/2015,7:56:00,0,0,0,0,0,0,0,0,,,
5/3/2015,7:57:00,0,0,0,0,0,0,0,0,,,
5/3/2015,7:58:00,308.876,487.81,6,2,487.81,0,1,166.23,,,
5/3/2015,7:59:00,567.79,872.91,9,5,872.91,1,1,308,,,
5/3/2015,8:00:00,61.164,95.25,1,1,95.25,0,0,48.05,,,
5/3/2015,8:01:00,0,0,0,0,0,0,0,0,,,
5/3/2015,8:02:00,0,0,0,0,0,0,0,0,,,
5/3/2015,8:03:00,0,0,0,0,0,0,0,0,,,
5/3/2015,8:04:00,0,0,0,0,0,0,0,0,,,
5/3/2015,8:05:00,0,0,0,0,0,0,0,0,,,
5/3/2015,8:06:00,0,0,0,0,0,0,0,0,,,
5/3/2015,8:07:00,0,0,0,0,0,0,0,0,,,
5/3/2015,8:08:00,0,0,0,0,0,0,0,0,,,
5/3/2015,8:09:00,0,0,0,0,0,0,0,0,,,
5/3/2015,8:10:00,0,0,0,0,0,0,0,0,,,
5/3/2015,8:11:00,0,0,0,0,0,0,0,0,,,
5/3/2015,8:12:00,0,0,0,0,0,0,0,0,,,
5/3/2015,8:13:00,0,0,0,0,0,0,0,0,,,
5/3/2015,8:14:00,0,0,0,0,0,0,0,0,,,
5/3/2015,8:15:00,0,0,0,0,0,0,0,0,,,
5/3/2015,8:16:00,0,0,0,0,0,0,0,0,,,
5/3/2015,8:17:00,0,0,0,0,0,0,0,0,,,
5/3/2015,8:18:00,0,0,0,0,0,0,0,0,,,
5/3/2015,8:19:00,0,0,0,0,0,0,0,0,,,
5/3/2015,8:20:00,0,0,0,0,0,0,0,0,,,
5/3/2015,8:21:00,0,0,0,0,0,0,0,0,,,
5/3/2015,8:22:00,0,0,0,0,0,0,0,0,,,
5/3/2015,8:23:00,0,0,0,0,0,0,0,0,,,
5/3/2015,8:24:00,0,0,0,0,0,0,0,0,,,
5/3/2015,8:25:00,0,0,0,0,0,0,0,0,,,
5/3/2015,8:26:00,0,0,0,0,0,0,0,0,,,
5/3/2015,8:27:00,0,0,0,0,0,0,0,0,,,
5/3/2015,8:28:00,0,0,0,0,0,0,0,0,,,
5/3/2015,8:29:00,0,0,0,0,0,0,0,0,,,
5/3/2015,8:30:00,0,0,0,0,0,0,0,0,,,
5/3/2015,8:31:00,0,0,0,0,0,0,0,0,,,
5/3/2015,8:32:00,0,0,0,0,0,0,0,0,,,
5/3/2015,8:33:00,0,0,0,0,0,0,0,0,,,
5/3/2015,8:34:00,0,0,0,0,0,0,0,0,,,
5/3/2015,8:35:00,0,0,0,0,0,0,0,0,,,
5/3/2015,8:36:00,0,0,0,0,0,0,0,0,,,
5/3/2015,8:37:00,0,0,0,0,0,0,0,0,,,
5/3/2015,8:38:00,593.686,962.92,13,2,962.92,0,2,297.57,,,
5/3/2015,8:39:00,790.8,1237.7,14,7,1237.7,2,0,413.9,,,
5/3/2015,8:40:00,765.134,1234.61,16,4,1234.61,0,4,369.98,,,
5/3/2015,8:41:00,1899.093,2987.28,35,14,2987.28,2,2,967.35,,,
5/3/2015,8:42:00,938.886,1459.18,17,9,1459.18,0,2,480.6,,,
5/3/2015,8:43:00,1114.732,1801.6,21,6,1801.6,0,3,504.02,,,
5/3/2015,8:44:00,41.88,69.8,1,0,69.8,0,2,22.07,,,
5/3/2015,8:45:00,0,0,0,0,0,0,0,0,,,
5/3/2015,8:46:00,0,0,0,0,0,0,0,0,,,
5/3/2015,8:47:00,0,0,0,0,0,0,0,0,,,
5/3/2015,8:48:00,0,0,0,0,0,0,0,0,,,
5/3/2015,8:49:00,0,0,0,0,0,0,0,0,,,
5/3/2015,8:50:00,0,0,0,0,0,0,0,0,,,
5/3/2015,8:51:00,0,0,0,0,0,0,0,0,,,
5/3/2015,8:52:00,0,0,0,0,0,0,0,0,,,
5/3/2015,8:53:00,0,0,0,0,0,0,0,0,,,
5/3/2015,8:54:00,0,0,0,0,0,0,0,0,,,
5/3/2015,8:55:00,0,0,0,0,0,0,0,0,,,
5/3/2015,8:56:00,0,0,0,0,0,0,0,0,,,
5/3/2015,8:57:00,0,0,0,0,0,0,0,0,,,
5/3/2015,8:58:00,0,0,0,0,0,0,0,0,,,
5/3/2015,8:59:00,0,0,0,0,0,0,0,0,,,
5/3/2015,9:00:00,0,0,0,0,0,0,0,0,,,
5/3/2015,9:01:00,0,0,0,0,0,0,0,0,,,
5/3/2015,9:02:00,0,0,0,0,0,0,0,0,,,
5/3/2015,9:03:00,0,0,0,0,0,0,0,0,,,
5/3/2015,9:04:00,0,0,0,0,0,0,0,0,,,
5/3/2015,9:05:00,326.782,533.01,7,1,533.01,0,1,157.79,,,
5/3/2015,9:06:00,968.232,1541.27,19,6,1541.27,0,1,475.73,,,
5/3/2015,9:07:00,637.38,1011.33,10,5,1011.33,0,0,284.82,,,
5/3/2015,9:08:00,0,0,0,0,0,0,0,0,,,
5/3/2015,9:09:00,0,0,0,0,0,0,0,0,,,
5/3/2015,9:10:00,0,0,0,0,0,0,0,0,,,
5/3/2015,9:11:00,0,0,0,0,0,0,0,0,,,
5/3/2015,9:12:00,0,0,0,0,0,0,0,0,,,
5/3/2015,9:13:00,0,0,0,0,0,0,0,0,,,
5/3/2015,9:14:00,0,0,0,0,0,0,0,0,,,
5/3/2015,9:15:00,0,0,0,0,0,0,0,0,,,
5/3/2015,9:16:00,0,0,0,0,0,0,0,0,,,
5/3/2015,9:17:00,0,0,0,0,0,0,0,0,,,
5/3/2015,9:18:00,461.456,732.94,9,3,732.94,0,1,226.03,,,
5/3/2015,9:19:00,520.738,810.63,9,5,810.63,0,3,275.35,,,
5/3/2015,9:20:00,0,0,0,0,0,0,0,0,,,
5/3/2015,9:21:00,0,0,0,0,0,0,0,0,,,
5/3/2015,9:22:00,0,0,0,0,0,0,0,0,,,
5/3/2015,9:23:00,0,0,0,0,0,0,0,0,,,
5/3/2015,9:24:00,0,0,0,0,0,0,0,0,,,
5/3/2015,9:25:00,0,0,0,0,0,0,0,0,,,
5/3/2015,9:26:00,0,0,0,0,0,0,0,0,,,
5/3/2015,9:27:00,0,0,0,0,0,0,0,0,,,
5/3/2015,9:28:00,0,0,0,0,0,0,0,0,,,
5/3/2015,9:29:00,0,0,0,0,0,0,0,0,,,
5/3/2015,9:30:00,0,0,0,0,0,0,0,0,,,
5/3/2015,9:31:00,0,0,0,0,0,0,0,0,,,
5/3/2015,9:32:00,0,0,0,0,0,0,0,0,,,
5/3/2015,9:33:00,0,0,0,0,0,0,0,0,,,
5/3/2015,9:34:00,0,0,0,0,0,0,0,0,,,
5/3/2015,9:35:00,1029.69,1654.31,21,6,1654.31,0,1,520.63,,,
5/3/2015,9:36:00,307.116,490.21,6,2,490.21,0,1,162,,,
5/3/2015,9:37:00,0,0,0,0,0,0,0,0,,,
5/3/2015,9:38:00,0,0,0,0,0,0,0,0,,,
5/3/2015,9:39:00,0,0,0,0,0,0,0,0,,,
5/3/2015,9:40:00,0,0,0,0,0,0,0,0,,,
5/3/2015,9:41:00,151.668,240.42,3,1,240.42,0,0,77.76,,,
5/3/2015,9:42:00,807.222,1322,18,2,1322,0,2,390.98,,,
5/3/2015,9:43:00,0,0,0,0,0,0,0,0,,,
5/3/2015,9:44:00,0,0,0,0,0,0,0,0,,,
5/3/2015,9:45:00,0,0,0,0,0,0,0,0,,,
5/3/2015,9:46:00,0,0,0,0,0,0,0,0,,,
5/3/2015,9:47:00,0,0,0,0,0,0,0,0,,,
5/3/2015,9:48:00,0,0,0,0,0,0,0,0,,,
5/3/2015,9:49:00,0,0,0,0,0,0,0,0,,,
5/3/2015,9:50:00,0,0,0,0,0,0,0,0,,,
5/3/2015,9:51:00,1312.23,2056.58,24,11,2056.58,0,0,659.65,,,
5/3/2015,9:52:00,133.278,222.13,3,0,222.13,0,1,68.59,,,
5/3/2015,9:53:00,0,0,0,0,0,0,0,0,,,
5/3/2015,9:54:00,0,0,0,0,0,0,0,0,,,
5/3/2015,9:55:00,0,0,0,0,0,0,0,0,,,
5/3/2015,9:56:00,0,0,0,0,0,0,0,0,,,
5/3/2015,9:57:00,0,0,0,0,0,0,0,0,,,
5/3/2015,9:58:00,0,0,0,0,0,0,0,0,,,
5/3/2015,9:59:00,0,0,0,0,0,0,0,0,,,
5/3/2015,10:00:00,0,0,0,0,0,0,0,0,,,
5/3/2015,10:01:00,0,0,0,0,0,0,0,0,,,
5/3/2015,10:02:00,0,0,0,0,0,0,0,0,,,
5/3/2015,10:03:00,0,0,0,0,0,0,0,0,,,
5/3/2015,10:04:00,0,0,0,0,0,0,0,0,,,
5/3/2015,10:05:00,0,0,0,0,0,0,0,0,,,
5/3/2015,10:06:00,0,0,0,0,0,0,0,0,,,
5/3/2015,10:07:00,0,0,0,0,0,0,0,0,,,
5/3/2015,10:08:00,0,0,0,0,0,0,0,0,,,
5/3/2015,10:09:00,0,0,0,0,0,0,0,0,,,
5/3/2015,10:10:00,918.284,1483.16,19,4,1483.16,0,0,456.31,,,
5/3/2015,10:11:00,1495.371,2364.31,27,8,2364.31,1,2,673.71,,,
5/3/2015,10:12:00,1379.092,2207.66,27,8,2207.66,1,1,676.79,,,
5/3/2015,10:13:00,1167.228,1802.49,20,12,1802.49,0,1,616.45,,,
5/3/2015,10:14:00,1231.876,1979.81,26,6,1979.81,1,3,631.26,,,
5/3/2015,10:15:00,397.736,638.33,8,2,638.33,0,1,213.79,,,
5/3/2015,10:16:00,0,0,0,0,0,0,0,0,,,
5/3/2015,10:17:00,0,0,0,0,0,0,0,0,,,
5/3/2015,10:18:00,0,0,0,0,0,0,0,0,,,
5/3/2015,10:19:00,0,0,0,0,0,0,0,0,,,
5/3/2015,10:20:00,0,0,0,0,0,0,0,0,,,
5/3/2015,10:21:00,0,0,0,0,0,0,0,0,,,
5/3/2015,10:22:00,0,0,0,0,0,0,0,0,,,
5/3/2015,10:23:00,0,0,0,0,0,0,0,0,,,
5/3/2015,10:24:00,0,0,0,0,0,0,0,0,,,
5/3/2015,10:25:00,0,0,0,0,0,0,0,0,,,
5/3/2015,10:26:00,0,0,0,0,0,0,0,0,,,
5/3/2015,10:27:00,0,0,0,0,0,0,0,0,,,
5/3/2015,10:28:00,0,0,0,0,0,0,0,0,,,
5/3/2015,10:29:00,0,0,0,0,0,0,0,0,,,
5/3/2015,10:30:00,0,0,0,0,0,0,0,0,,,
5/3/2015,10:31:00,0,0,0,0,0,0,0,0,,,
5/3/2015,10:32:00,0,0,0,0,0,0,0,0,,,
5/3/2015,10:33:00,0,0,0,0,0,0,0,0,,,
5/3/2015,10:34:00,0,0,0,0,0,0,0,0,,,
5/3/2015,10:35:00,0,0,0,0,0,0,0,0,,,
5/3/2015,10:36:00,0,0,0,0,0,0,0,0,,,
5/3/2015,10:37:00,0,0,0,0,0,0,0,0,,,
5/3/2015,10:38:00,0,0,0,0,0,0,0,0,,,
5/3/2015,10:39:00,688.482,1081.2,13,6,1081.2,0,0,353.76,,,
5/3/2015,10:40:00,210.732,351.22,5,0,351.22,0,0,101.17,,,
5/3/2015,10:41:00,425.184,708.64,10,0,708.64,0,1,209.44,,,
5/3/2015,10:42:00,1980.566,3177.31,41,11,3177.31,0,2,945.64,,,
5/3/2015,10:43:00,1284.026,2015.34,24,11,2015.34,0,1,654.52,,,
5/3/2015,10:44:00,1404.814,2258.09,29,7,2258.09,0,3,705.35,,,
5/3/2015,10:45:00,0,0,0,0,0,0,0,0,,,
5/3/2015,10:46:00,0,0,0,0,0,0,0,0,,,
5/3/2015,10:47:00,361.386,592.12,8,1,592.12,0,0,175.79,,,
5/3/2015,10:48:00,1007.857,1618.6,20,5,1618.6,1,0,504.06,,,
5/3/2015,10:49:00,0,0,0,0,0,0,0,0,,,
5/3/2015,10:50:00,0,0,0,0,0,0,0,0,,,
5/3/2015,10:51:00,0,0,0,0,0,0,0,0,,,
5/3/2015,10:52:00,0,0,0,0,0,0,0,0,,,
5/3/2015,10:53:00,869.46,1405.72,18,4,1405.72,0,2,411.23,,,
5/3/2015,10:54:00,85.266,142.11,2,0,142.11,0,1,43.31,,,
5/3/2015,10:55:00,0,0,0,0,0,0,0,0,,,
5/3/2015,10:56:00,0,0,0,0,0,0,0,0,,,
5/3/2015,10:57:00,0,0,0,0,0,0,0,0,,,
5/3/2015,10:58:00,0,0,0,0,0,0,0,0,,,
5/3/2015,10:59:00,0,0,0,0,0,0,0,0,,,
5/3/2015,11:00:00,0,0,0,0,0,0,0,0,,,
5/3/2015,11:01:00,0,0,0,0,0,0,0,0,,,
5/3/2015,11:02:00,0,0,0,0,0,0,0,0,,,
5/3/2015,11:03:00,0,0,0,0,0,0,0,0,,,
5/3/2015,11:04:00,0,0,0,0,0,0,0,0,,,
5/3/2015,11:05:00,0,0,0,0,0,0,0,0,,,
5/3/2015,11:06:00,0,0,0,0,0,0,0,0,,,
5/3/2015,11:07:00,0,0,0,0,0,0,0,0,,,
5/3/2015,11:08:00,747.642,1179.2,14,6,1179.2,0,1,364.83,,,
5/3/2015,11:09:00,1421.198,2273.41,29,8,2273.41,0,1,706.3,,,
5/3/2015,11:10:00,1025.948,1677.38,23,3,1677.38,0,0,493.41,,,
5/3/2015,11:11:00,0,0,0,0,0,0,0,0,,,
5/3/2015,11:12:00,0,0,0,0,0,0,0,0,,,
5/3/2015,11:13:00,0,0,0,0,0,0,0,0,,,
5/3/2015,11:14:00,0,0,0,0,0,0,0,0,,,
5/3/2015,11:15:00,0,0,0,0,0,0,0,0,,,
5/3/2015,11:16:00,0,0,0,0,0,0,0,0,,,
5/3/2015,11:17:00,0,0,0,0,0,0,0,0,,,
5/3/2015,11:18:00,0,0,0,0,0,0,0,0,,,
5/3/2015,11:19:00,0,0,0,0,0,0,0,0,,,
5/3/2015,11:20:00,0,0,0,0,0,0,0,0,,,
5/3/2015,11:21:00,0,0,0,0,0,0,0,0,,,
5/3/2015,11:22:00,0,0,0,0,0,0,0,0,,,
5/3/2015,11:23:00,1537.91,2475.98,32,7,2475.98,1,0,740.23,,,
5/3/2015,11:24:00,1381.846,2158.42,26,12,2158.42,1,2,709.29,,,
5/3/2015,11:25:00,1586.794,2491.7,30,14,2491.7,0,1,787.09,,,
5/3/2015,11:26:00,380.134,611.35,8,2,611.35,0,1,192.23,,,
5/3/2015,11:27:00,0,0,0,0,0,0,0,0,,,
5/3/2015,11:28:00,0,0,0,0,0,0,0,0,,,
5/3/2015,11:29:00,0,0,0,0,0,0,0,0,,,
5/3/2015,11:30:00,0,0,0,0,0,0,0,0,,,
5/3/2015,11:31:00,0,0,0,0,0,0,0,0,,,
5/3/2015,11:32:00,0,0,0,0,0,0,0,0,,,
5/3/2015,11:33:00,0,0,0,0,0,0,0,0,,,
5/3/2015,11:34:00,0,0,0,0,0,0,0,0,,,
5/3/2015,11:35:00,0,0,0,0,0,0,0,0,,,
5/3/2015,11:36:00,0,0,0,0,0,0,0,0,,,
5/3/2015,11:37:00,82.128,136.88,2,0,136.88,0,0,44.86,,,
5/3/2015,11:38:00,964.542,1525.83,18,7,1525.83,1,0,475.5,,,
5/3/2015,11:39:00,0,0,0,0,0,0,0,0,,,
5/3/2015,11:40:00,0,0,0,0,0,0,0,0,,,
5/3/2015,11:41:00,0,0,0,0,0,0,0,0,,,
5/3/2015,11:42:00,0,0,0,0,0,0,0,0,,,
5/3/2015,11:43:00,0,0,0,0,0,0,0,0,,,
5/3/2015,11:44:00,0,0,0,0,0,0,0,0,,,
5/3/2015,11:45:00,976.336,1571.66,20,5,1571.66,0,2,461.8,,,
5/3/2015,11:46:00,555.393,892.86,11,2,892.86,1,0,279.38,,,
5/3/2015,11:47:00,0,0,0,0,0,0,0,0,,,
5/3/2015,11:48:00,0,0,0,0,0,0,0,0,,,
5/3/2015,11:49:00,0,0,0,0,0,0,0,0,,,
5/3/2015,11:50:00,934.468,1440.64,14,7,1440.64,1,2,404.72,,,
5/3/2015,11:51:00,1494.898,2388.05,30,9,2388.05,0,3,740.59,,,
5/3/2015,11:52:00,840.706,1342.89,17,5,1342.89,0,2,408.12,,,
5/3/2015,11:53:00,0,0,0,0,0,0,0,0,,,
5/3/2015,11:54:00,0,0,0,0,0,0,0,0,,,
5/3/2015,11:55:00,0,0,0,0,0,0,0,0,,,
5/3/2015,11:56:00,0,0,0,0,0,0,0,0,,,
5/3/2015,11:57:00,0,0,0,0,0,0,0,0,,,
5/3/2015,11:58:00,1387.242,2225.97,28,8,2225.97,0,0,658.62,,,
5/3/2015,11:59:00,140.322,222.12,3,1,222.12,0,1,83.27,,,
5/3/2015,12:00:00,0,0,0,0,0,0,0,0,,,
5/3/2015,12:01:00,0,0,0,0,0,0,0,0,,,
5/3/2015,12:02:00,0,0,0,0,0,0,0,0,,,
5/3/2015,12:03:00,0,0,0,0,0,0,0,0,,,
5/3/2015,12:04:00,0,0,0,0,0,0,0,0,,,
5/3/2015,12:05:00,0,0,0,0,0,0,0,0,,,
5/3/2015,12:06:00,0,0,0,0,0,0,0,0,,,
5/3/2015,12:07:00,0,0,0,0,0,0,0,0,,,
5/3/2015,12:08:00,0,0,0,0,0,0,0,0,,,
5/3/2015,12:09:00,0,0,0,0,0,0,0,0,,,
5/3/2015,12:10:00,0,0,0,0,0,0,0,0,,,
5/3/2015,12:11:00,0,0,0,0,0,0,0,0,,,
5/3/2015,12:12:00,0,0,0,0,0,0,0,0,,,
5/3/2015,12:13:00,0,0,0,0,0,0,0,0,,,
5/3/2015,12:14:00,0,0,0,0,0,0,0,0,,,
5/3/2015,12:15:00,0,0,0,0,0,0,0,0,,,
5/3/2015,12:16:00,0,0,0,0,0,0,0,0,,,
5/3/2015,12:17:00,0,0,0,0,0,0,0,0,,,
5/3/2015,12:18:00,0,0,0,0,0,0,0,0,,,
5/3/2015,12:19:00,0,0,0,0,0,0,0,0,,,
5/3/2015,12:20:00,0,0,0,0,0,0,0,0,,,
5/3/2015,12:21:00,0,0,0,0,0,0,0,0,,,
5/3/2015,12:22:00,1107.6,1801.7,24,4,1801.7,0,1,534.53,,,
5/3/2015,12:23:00,360.69,583.38,8,2,583.38,0,0,185.94,,,
5/3/2015,12:24:00,1406.034,2250.79,30,8,2250.79,0,1,705.63,,,
5/3/2015,12:25:00,128.048,204.62,2,0,204.62,1,0,65.27,,,
5/3/2015,12:26:00,0,0,0,0,0,0,0,0,,,
5/3/2015,12:27:00,0,0,0,0,0,0,0,0,,,
5/3/2015,12:28:00,0,0,0,0,0,0,0,0,,,
5/3/2015,12:29:00,0,0,0,0,0,0,0,0,,,
5/3/2015,12:30:00,0,0,0,0,0,0,0,0,,,
5/3/2015,12:31:00,0,0,0,0,0,0,0,0,,,
5/3/2015,12:32:00,0,0,0,0,0,0,0,0,,,
5/3/2015,12:33:00,0,0,0,0,0,0,0,0,,,
5/3/2015,12:34:00,0,0,0,0,0,0,0,0,,,
5/3/2015,12:35:00,0,0,0,0,0,0,0,0,,,
5/3/2015,12:36:00,0,0,0,0,0,0,0,0,,,
5/3/2015,12:37:00,0,0,0,0,0,0,0,0,,,
5/3/2015,12:38:00,0,0,0,0,0,0,0,0,,,
5/3/2015,12:39:00,0,0,0,0,0,0,0,0,,,
5/3/2015,12:40:00,0,0,0,0,0,0,0,0,,,
5/3/2015,12:41:00,0,0,0,0,0,0,0,0,,,
5/3/2015,12:42:00,0,0,0,0,0,0,0,0,,,
5/3/2015,12:43:00,0,0,0,0,0,0,0,0,,,
5/3/2015,12:44:00,0,0,0,0,0,0,0,0,,,
5/3/2015,12:45:00,0,0,0,0,0,0,0,0,,,
5/3/2015,12:46:00,0,0,0,0,0,0,0,0,,,
5/3/2015,12:47:00,736.024,1154.06,13,6,1154.06,0,1,363.69,,,
5/3/2015,12:48:00,1054.16,1677.65,21,7,1677.65,0,2,514.84,,,
5/3/2015,12:49:00,0,0,0,0,0,0,0,0,,,
5/3/2015,12:50:00,0,0,0,0,0,0,0,0,,,
5/3/2015,12:51:00,0,0,0,0,0,0,0,0,,,
5/3/2015,12:52:00,0,0,0,0,0,0,0,0,,,
5/3/2015,12:53:00,0,0,0,0,0,0,0,0,,,
5/3/2015,12:54:00,0,0,0,0,0,0,0,0,,,
5/3/2015,12:55:00,0,0,0,0,0,0,0,0,,,
5/3/2015,12:56:00,0,0,0,0,0,0,0,0,,,
5/3/2015,12:57:00,0,0,0,0,0,0,0,0,,,
5/3/2015,12:58:00,0,0,0,0,0,0,0,0,,,
5/3/2015,12:59:00,0,0,0,0,0,0,0,0,,,
5/3/2015,13:00:00,0,0,0,0,0,0,0,0,,,
5/3/2015,13:01:00,1085.23,1772.8,22,3,1772.8,0,0,471.76,,,
5/3/2015,13:02:00,1677.111,2679.72,33,10,2679.72,1,1,813.18,,,
5/3/2015,13:03:00,329.494,513.59,6,3,513.59,0,2,174.91,,,
5/3/2015,13:04:00,0,0,0,0,0,0,0,0,,,
5/3/2015,13:05:00,643.34,1018.94,12,4,1018.94,1,0,321.46,,,
5/3/2015,13:06:00,1607.774,2547.37,31,12,2547.37,0,1,780.88,,,
5/3/2015,13:07:00,958.916,1505.24,18,8,1505.24,0,2,481.42,,,
5/3/2015,13:08:00,1212.098,1892.69,22,11,1892.69,0,2,606.11,,,
5/3/2015,13:09:00,1344.822,2154.53,25,8,2154.53,0,2,626.38,,,
5/3/2015,13:10:00,0,0,0,0,0,0,0,0,,,
5/3/2015,13:11:00,0,0,0,0,0,0,0,0,,,
5/3/2015,13:12:00,0,0,0,0,0,0,0,0,,,
5/3/2015,13:13:00,0,0,0,0,0,0,0,0,,,
5/3/2015,13:14:00,0,0,0,0,0,0,0,0,,,
5/3/2015,13:15:00,0,0,0,0,0,0,0,0,,,
5/3/2015,13:16:00,1427.138,2271.03,29,9,2271.03,0,3,699.3,,,
5/3/2015,13:17:00,882.156,1391.09,17,7,1391.09,0,0,451.24,,,
5/3/2015,13:18:00,0,0,0,0,0,0,0,0,,,
5/3/2015,13:19:00,0,0,0,0,0,0,0,0,,,
5/3/2015,13:20:00,0,0,0,0,0,0,0,0,,,
5/3/2015,13:21:00,1438.09,2283.29,29,10,2283.29,0,1,703.74,,,
5/3/2015,13:22:00,0,0,0,0,0,0,0,0,,,
5/3/2015,13:23:00,301.346,476.41,3,2,476.41,0,0,100.68,,,
5/3/2015,13:24:00,1754.143,2823.77,36,8,2823.77,1,0,888.78,,,
5/3/2015,13:25:00,1908.176,3004.9,37,15,3004.9,0,1,962.93,,,
5/3/2015,13:26:00,1144.518,1846.1,24,5,1846.1,0,6,575.46,,,
5/3/2015,13:27:00,0,0,0,0,0,0,0,0,,,
5/3/2015,13:28:00,0,0,0,0,0,0,0,0,,,
5/3/2015,13:29:00,489.98,773.63,9,3,773.63,1,2,266.05,,,
5/3/2015,13:30:00,420.166,677.55,9,2,677.55,0,1,209.51,,,
5/3/2015,13:31:00,0,0,0,0,0,0,0,0,,,
5/3/2015,13:32:00,0,0,0,0,0,0,0,0,,,
5/3/2015,13:33:00,0,0,0,0,0,0,0,0,,,
5/3/2015,13:34:00,0,0,0,0,0,0,0,0,,,
5/3/2015,13:35:00,0,0,0,0,0,0,0,0,,,
5/3/2015,13:36:00,0,0,0,0,0,0,0,0,,,
5/3/2015,13:37:00,0,0,0,0,0,0,0,0,,,
5/3/2015,13:38:00,0,0,0,0,0,0,0,0,,,
5/3/2015,13:39:00,0,0,0,0,0,0,0,0,,,
5/3/2015,13:40:00,0,0,0,0,0,0,0,0,,,
5/3/2015,13:41:00,0,0,0,0,0,0,0,0,,,
5/3/2015,13:42:00,381.685,586.29,6,4,586.29,1,2,202.57,,,
5/3/2015,13:43:00,2275.43,3592.58,41,17,3592.58,0,1,1063.11,,,
5/3/2015,13:44:00,1210.012,1924.08,24,8,1924.08,0,1,603.61,,,
5/3/2015,13:45:00,0,0,0,0,0,0,0,0,,,
5/3/2015,13:46:00,0,0,0,0,0,0,0,0,,,
5/3/2015,13:47:00,0,0,0,0,0,0,0,0,,,
5/3/2015,13:48:00,0,0,0,0,0,0,0,0,,,
5/3/2015,13:49:00,0,0,0,0,0,0,0,0,,,
5/3/2015,13:50:00,0,0,0,0,0,0,0,0,,,
5/3/2015,13:51:00,114.784,178.87,2,1,178.87,0,1,64.48,,,
5/3/2015,13:52:00,1115.216,1787.48,20,6,1787.48,0,0,493.52,,,
5/3/2015,13:53:00,0,0,0,0,0,0,0,0,,,
5/3/2015,13:54:00,0,0,0,0,0,0,0,0,,,
5/3/2015,13:55:00,0,0,0,0,0,0,0,0,,,
5/3/2015,13:56:00,1285.266,2061.93,26,7,2061.93,0,1,614.29,,,
5/3/2015,13:57:00,1654.624,2632.54,33,11,2632.54,0,2,805.21,,,
5/3/2015,13:58:00,676.178,1091.23,14,3,1091.23,0,1,329.14,,,
5/3/2015,13:59:00,538.38,862.49,11,3,862.49,0,2,266.03,,,
5/3/2015,14:00:00,0,0,0,0,0,0,0,0,,,
5/3/2015,14:01:00,0,0,0,0,0,0,0,0,,,
5/3/2015,14:02:00,0,0,0,0,0,0,0,0,,,
5/3/2015,14:03:00,0,0,0,0,0,0,0,0,,,
5/3/2015,14:04:00,0,0,0,0,0,0,0,0,,,
5/3/2015,14:05:00,0,0,0,0,0,0,0,0,,,
5/3/2015,14:06:00,0,0,0,0,0,0,0,0,,,
5/3/2015,14:07:00,0,0,0,0,0,0,0,0,,,
5/3/2015,14:08:00,0,0,0,0,0,0,0,0,,,
5/3/2015,14:09:00,0,0,0,0,0,0,0,0,,,
5/3/2015,14:10:00,0,0,0,0,0,0,0,0,,,
5/3/2015,14:11:00,0,0,0,0,0,0,0,0,,,
5/3/2015,14:12:00,0,0,0,0,0,0,0,0,,,
5/3/2015,14:13:00,293.41,451.38,5,3,451.38,0,1,164.14,,,
5/3/2015,14:14:00,2041.837,3316.24,42,7,3316.24,1,0,921.41,,,
5/3/2015,14:15:00,897.624,1412.17,17,7,1412.17,1,0,483.43,,,
5/3/2015,14:16:00,0,0,0,0,0,0,0,0,,,
5/3/2015,14:17:00,0,0,0,0,0,0,0,0,,,
5/3/2015,14:18:00,0,0,0,0,0,0,0,0,,,
5/3/2015,14:19:00,0,0,0,0,0,0,0,0,,,
5/3/2015,14:20:00,0,0,0,0,0,0,0,0,,,
5/3/2015,14:21:00,0,0,0,0,0,0,0,0,,,
5/3/2015,14:22:00,0,0,0,0,0,0,0,0,,,
5/3/2015,14:23:00,0,0,0,0,0,0,0,0,,,
5/3/2015,14:24:00,0,0,0,0,0,0,0,0,,,
5/3/2015,14:25:00,0,0,0,0,0,0,0,0,,,
5/3/2015,14:26:00,0,0,0,0,0,0,0,0,,,
5/3/2015,14:27:00,0,0,0,0,0,0,0,0,,,
5/3/2015,14:28:00,0,0,0,0,0,0,0,0,,,
5/3/2015,14:29:00,0,0,0,0,0,0,0,0,,,
5/3/2015,14:30:00,0,0,0,0,0,0,0,0,,,
5/3/2015,14:31:00,0,0,0,0,0,0,0,0,,,
5/3/2015,14:32:00,0,0,0,0,0,0,0,0,,,
5/3/2015,14:33:00,0,0,0,0,0,0,0,0,,,
5/3/2015,14:34:00,0,0,0,0,0,0,0,0,,,
5/3/2015,14:35:00,0,0,0,0,0,0,0,0,,,
5/3/2015,14:36:00,0,0,0,0,0,0,0,0,,,
5/3/2015,14:37:00,0,0,0,0,0,0,0,0,,,
5/3/2015,14:38:00,898.498,1417.94,17,7,1417.94,0,1,471.48,,,
5/3/2015,14:39:00,2061.566,3253.3,37,16,3253.3,0,0,971.74,,,
5/3/2015,14:40:00,1717.851,2776.62,36,7,2776.62,1,2,819.68,,,
5/3/2015,14:41:00,405.004,640.73,8,3,640.73,0,2,201.86,,,
5/3/2015,14:42:00,0,0,0,0,0,0,0,0,,,
5/3/2015,14:43:00,0,0,0,0,0,0,0,0,,,
5/3/2015,14:44:00,0,0,0,0,0,0,0,0,,,
5/3/2015,14:45:00,1332.416,2185.69,30,3,2185.69,0,3,643.18,,,
5/3/2015,14:46:00,114.358,178.56,2,1,178.56,0,0,59.78,,,
5/3/2015,14:47:00,0,0,0,0,0,0,0,0,,,
5/3/2015,14:48:00,0,0,0,0,0,0,0,0,,,
5/3/2015,14:49:00,0,0,0,0,0,0,0,0,,,
5/3/2015,14:50:00,0,0,0,0,0,0,0,0,,,
5/3/2015,14:51:00,0,0,0,0,0,0,0,0,,,
5/3/2015,14:52:00,0,0,0,0,0,0,0,0,,,
5/3/2015,14:53:00,0,0,0,0,0,0,0,0,,,
5/3/2015,14:54:00,0,0,0,0,0,0,0,0,,,
5/3/2015,14:55:00,0,0,0,0,0,0,0,0,,,
5/3/2015,14:56:00,0,0,0,0,0,0,0,0,,,
5/3/2015,14:57:00,0,0,0,0,0,0,0,0,,,
5/3/2015,14:58:00,0,0,0,0,0,0,0,0,,,
5/3/2015,14:59:00,0,0,0,0,0,0,0,0,,,
5/3/2015,15:00:00,0,0,0,0,0,0,0,0,,,
5/3/2015,15:01:00,0,0,0,0,0,0,0,0,,,
5/3/2015,15:02:00,0,0,0,0,0,0,0,0,,,
5/3/2015,15:03:00,0,0,0,0,0,0,0,0,,,
5/3/2015,15:04:00,807.758,1294.74,16,5,1294.74,0,2,421.65,,,
5/3/2015,15:05:00,1504.926,2417.29,31,8,2417.29,1,2,743.52,,,
5/3/2015,15:06:00,813.804,1277.1,15,6,1277.1,1,2,430.16,,,
5/3/2015,15:07:00,0,0,0,0,0,0,0,0,,,
5/3/2015,15:08:00,0,0,0,0,0,0,0,0,,,
5/3/2015,15:09:00,218.982,364.97,5,0,364.97,0,2,104.86,,,
5/3/2015,15:10:00,1263.252,2021.96,26,7,2021.96,0,1,647.17,,,
5/3/2015,15:11:00,0,0,0,0,0,0,0,0,,,
5/3/2015,15:12:00,0,0,0,0,0,0,0,0,,,
5/3/2015,15:13:00,0,0,0,0,0,0,0,0,,,
5/3/2015,15:14:00,1079.004,1734.2,22,5,1734.2,2,1,534.84,,,
5/3/2015,15:15:00,393.042,643.06,9,1,643.06,0,2,207.62,,,
5/3/2015,15:16:00,293.286,488.81,7,0,488.81,0,0,151.41,,,
5/3/2015,15:17:00,686.222,1070.94,12,6,1070.94,0,4,350.22,,,
5/3/2015,15:18:00,0,0,0,0,0,0,0,0,,,
5/3/2015,15:19:00,0,0,0,0,0,0,0,0,,,
5/3/2015,15:20:00,0,0,0,0,0,0,0,0,,,
5/3/2015,15:21:00,0,0,0,0,0,0,0,0,,,
5/3/2015,15:22:00,0,0,0,0,0,0,0,0,,,
5/3/2015,15:23:00,0,0,0,0,0,0,0,0,,,
5/3/2015,15:24:00,0,0,0,0,0,0,0,0,,,
5/3/2015,15:25:00,468.038,741.2,9,3,741.2,0,3,244.19,,,
5/3/2015,15:26:00,2017.05,3229.21,41,12,3229.21,0,3,984.2,,,
5/3/2015,15:27:00,1965.377,3087.44,37,16,3087.44,1,3,972.57,,,
5/3/2015,15:28:00,542.548,882.96,12,2,882.96,0,1,289.09,,,
5/3/2015,15:29:00,857.844,1365.4,17,5,1365.4,1,0,438.46,,,
5/3/2015,15:30:00,648.602,1034.46,13,4,1034.46,0,1,352.97,,,
5/3/2015,15:31:00,0,0,0,0,0,0,0,0,,,
5/3/2015,15:32:00,0,0,0,0,0,0,0,0,,,
5/3/2015,15:33:00,0,0,0,0,0,0,0,0,,,
5/3/2015,15:34:00,0,0,0,0,0,0,0,0,,,
5/3/2015,15:35:00,0,0,0,0,0,0,0,0,,,
5/3/2015,15:36:00,0,0,0,0,0,0,0,0,,,
5/3/2015,15:37:00,691.676,1098.21,14,5,1098.21,0,0,355.4,,,
5/3/2015,15:38:00,1814.678,2949.1,40,7,2949.1,0,0,902.15,,,
5/3/2015,15:39:00,1678.128,2753.05,36,4,2753.05,0,0,765.24,,,
5/3/2015,15:40:00,0,0,0,0,0,0,0,0,,,
5/3/2015,15:41:00,0,0,0,0,0,0,0,0,,,
5/3/2015,15:42:00,0,0,0,0,0,0,0,0,,,
5/3/2015,15:43:00,0,0,0,0,0,0,0,0,,,
5/3/2015,15:44:00,0,0,0,0,0,0,0,0,,,
5/3/2015,15:45:00,0,0,0,0,0,0,0,0,,,
5/3/2015,15:46:00,0,0,0,0,0,0,0,0,,,
5/3/2015,15:47:00,0,0,0,0,0,0,0,0,,,
5/3/2015,15:48:00,1352.502,2193.52,29,6,2193.52,0,2,642.83,,,
5/3/2015,15:49:00,1855.506,2958.46,35,12,2958.46,0,3,891.81,,,
5/3/2015,15:50:00,0,0,0,0,0,0,0,0,,,
5/3/2015,15:51:00,0,0,0,0,0,0,0,0,,,
5/3/2015,15:52:00,0,0,0,0,0,0,0,0,,,
5/3/2015,15:53:00,0,0,0,0,0,0,0,0,,,
5/3/2015,15:54:00,0,0,0,0,0,0,0,0,,,
5/3/2015,15:55:00,1211.94,1915.46,23,9,1915.46,0,1,596.34,,,
5/3/2015,15:56:00,273.482,443.94,6,1,443.94,0,2,133.75,,,
5/3/2015,15:57:00,0,0,0,0,0,0,0,0,,,
5/3/2015,15:58:00,0,0,0,0,0,0,0,0,,,
5/3/2015,15:59:00,0,0,0,0,0,0,0,0,,,
5/3/2015,16:00:00,0,0,0,0,0,0,0,0,,,
5/3/2015,16:01:00,0,0,0,0,0,0,0,0,,,
5/3/2015,16:02:00,0,0,0,0,0,0,0,0,,,
5/3/2015,16:03:00,0,0,0,0,0,0,0,0,,,
5/3/2015,16:04:00,0,0,0,0,0,0,0,0,,,
5/3/2015,16:05:00,124.542,207.57,3,0,207.57,0,1,59.66,,,
5/3/2015,16:06:00,1862.1,2967.46,37,11,2967.46,2,2,933.27,,,
5/3/2015,16:07:00,1196.11,1916.56,24,7,1916.56,0,0,580.22,,,
5/3/2015,16:08:00,0,0,0,0,0,0,0,0,,,
5/3/2015,16:09:00,0,0,0,0,0,0,0,0,,,
5/3/2015,16:10:00,0,0,0,0,0,0,0,0,,,
5/3/2015,16:11:00,0,0,0,0,0,0,0,0,,,
5/3/2015,16:12:00,0,0,0,0,0,0,0,0,,,
5/3/2015,16:13:00,0,0,0,0,0,0,0,0,,,
5/3/2015,16:14:00,917.342,1461.08,18,6,1461.08,0,2,453.21,,,
5/3/2015,16:15:00,0,0,0,0,0,0,0,0,,,
5/3/2015,16:16:00,0,0,0,0,0,0,0,0,,,
5/3/2015,16:17:00,0,0,0,0,0,0,0,0,,,
5/3/2015,16:18:00,0,0,0,0,0,0,0,0,,,
5/3/2015,16:19:00,0,0,0,0,0,0,0,0,,,
5/3/2015,16:20:00,0,0,0,0,0,0,0,0,,,
5/3/2015,16:21:00,0,0,0,0,0,0,0,0,,,
5/3/2015,16:22:00,0,0,0,0,0,0,0,0,,,
5/3/2015,16:23:00,0,0,0,0,0,0,0,0,,,
5/3/2015,16:24:00,0,0,0,0,0,0,0,0,,,
5/3/2015,16:25:00,0,0,0,0,0,0,0,0,,,
5/3/2015,16:26:00,0,0,0,0,0,0,0,0,,,
5/3/2015,16:27:00,1377.974,2164.39,26,11,2164.39,0,1,694.12,,,
5/3/2015,16:28:00,0,0,0,0,0,0,0,0,,,
5/3/2015,16:29:00,0,0,0,0,0,0,0,0,,,
5/3/2015,16:30:00,0,0,0,0,0,0,0,0,,,
5/3/2015,16:31:00,0,0,0,0,0,0,0,0,,,
5/3/2015,16:32:00,0,0,0,0,0,0,0,0,,,
5/3/2015,16:33:00,0,0,0,0,0,0,0,0,,,
5/3/2015,16:34:00,0,0,0,0,0,0,0,0,,,
5/3/2015,16:35:00,0,0,0,0,0,0,0,0,,,
5/3/2015,16:36:00,0,0,0,0,0,0,0,0,,,
5/3/2015,16:37:00,0,0,0,0,0,0,0,0,,,
5/3/2015,16:38:00,0,0,0,0,0,0,0,0,,,
5/3/2015,16:39:00,0,0,0,0,0,0,0,0,,,
5/3/2015,16:40:00,0,0,0,0,0,0,0,0,,,
5/3/2015,16:41:00,0,0,0,0,0,0,0,0,,,
5/3/2015,16:42:00,0,0,0,0,0,0,0,0,,,
5/3/2015,16:43:00,0,0,0,0,0,0,0,0,,,
5/3/2015,16:44:00,0,0,0,0,0,0,0,0,,,
5/3/2015,16:45:00,902.36,1431.18,18,6,1431.18,0,1,452.7,,,
5/3/2015,16:46:00,1625.026,2566.63,31,12,2566.63,0,1,794.37,,,
5/3/2015,16:47:00,1789.76,2849.57,36,11,2849.57,0,3,890.29,,,
5/3/2015,16:48:00,532.206,838.42,10,4,838.42,0,0,271.9,,,
5/3/2015,16:49:00,0,0,0,0,0,0,0,0,,,
5/3/2015,16:50:00,1084.028,1727.06,19,6,1727.06,1,0,497.76,,,
5/3/2015,16:51:00,0,0,0,0,0,0,0,0,,,
5/3/2015,16:52:00,0,0,0,0,0,0,0,0,,,
5/3/2015,16:53:00,0,0,0,0,0,0,0,0,,,
5/3/2015,16:54:00,0,0,0,0,0,0,0,0,,,
5/3/2015,16:55:00,0,0,0,0,0,0,0,0,,,
5/3/2015,16:56:00,0,0,0,0,0,0,0,0,,,
5/3/2015,16:57:00,0,0,0,0,0,0,0,0,,,
5/3/2015,16:58:00,0,0,0,0,0,0,0,0,,,
5/3/2015,16:59:00,0,0,0,0,0,0,0,0,,,
5/3/2015,17:00:00,0,0,0,0,0,0,0,0,,,
5/3/2015,17:01:00,0,0,0,0,0,0,0,0,,,
5/3/2015,17:02:00,0,0,0,0,0,0,0,0,,,
5/3/2015,17:03:00,0,0,0,0,0,0,0,0,,,
5/3/2015,17:04:00,899.983,1471.65,20,2,1471.65,1,1,439.85,,,
5/3/2015,17:05:00,0,0,0,0,0,0,0,0,,,
5/3/2015,17:06:00,0,0,0,0,0,0,0,0,,,
5/3/2015,17:07:00,0,0,0,0,0,0,0,0,,,
5/3/2015,17:08:00,0,0,0,0,0,0,0,0,,,
5/3/2015,17:09:00,1556.248,2508.7,33,7,2508.7,1,1,775.03,,,
5/3/2015,17:10:00,1757.18,2787.08,34,11,2787.08,1,0,858.85,,,
5/3/2015,17:11:00,1633.412,2608.33,33,10,2608.33,0,3,802.34,,,
5/3/2015,17:12:00,0,0,0,0,0,0,0,0,,,
5/3/2015,17:13:00,1271.587,2042.1,26,6,2042.1,1,1,643.56,,,
5/3/2015,17:14:00,1757.14,2830.2,36,8,2830.2,1,1,856.33,,,
5/3/2015,17:15:00,0,0,0,0,0,0,0,0,,,
5/3/2015,17:16:00,0,0,0,0,0,0,0,0,,,
5/3/2015,17:17:00,0,0,0,0,0,0,0,0,,,
5/3/2015,17:18:00,0,0,0,0,0,0,0,0,,,
5/3/2015,17:19:00,0,0,0,0,0,0,0,0,,,
5/3/2015,17:20:00,0,0,0,0,0,0,0,0,,,
5/3/2015,17:21:00,0,0,0,0,0,0,0,0,,,
5/3/2015,17:22:00,0,0,0,0,0,0,0,0,,,
5/3/2015,17:23:00,0,0,0,0,0,0,0,0,,,
5/3/2015,17:24:00,0,0,0,0,0,0,0,0,,,
5/3/2015,17:25:00,0,0,0,0,0,0,0,0,,,
5/3/2015,17:26:00,1382.988,2210.22,28,8,2210.22,0,1,691.3,,,
5/3/2015,17:27:00,87.486,145.81,2,0,145.81,0,0,47.68,,,
5/3/2015,17:28:00,0,0,0,0,0,0,0,0,,,
5/3/2015,17:29:00,0,0,0,0,0,0,0,0,,,
5/3/2015,17:30:00,630.054,994.84,12,5,994.84,0,0,330.17,,,
5/3/2015,17:31:00,1226.694,1955.62,24,8,1955.62,0,3,601.33,,,
5/3/2015,17:32:00,0,0,0,0,0,0,0,0,,,
5/3/2015,17:33:00,0,0,0,0,0,0,0,0,,,
5/3/2015,17:34:00,0,0,0,0,0,0,0,0,,,
5/3/2015,17:35:00,0,0,0,0,0,0,0,0,,,
5/3/2015,17:36:00,124.2,207,3,0,207,0,1,63.89,,,
5/3/2015,17:37:00,1370.062,2158.16,26,11,2158.16,0,3,682.36,,,
5/3/2015,17:38:00,0,0,0,0,0,0,0,0,,,
5/3/2015,17:39:00,0,0,0,0,0,0,0,0,,,
5/3/2015,17:40:00,0,0,0,0,0,0,0,0,,,
5/3/2015,17:41:00,0,0,0,0,0,0,0,0,,,
5/3/2015,17:42:00,329.151,520.04,6,2,520.04,1,1,165.41,,,
5/3/2015,17:43:00,1138.596,1814.38,23,7,1814.38,0,2,580.49,,,
5/3/2015,17:44:00,0,0,0,0,0,0,0,0,,,
5/3/2015,17:45:00,0,0,0,0,0,0,0,0,,,
5/3/2015,17:46:00,0,0,0,0,0,0,0,0,,,
5/3/2015,17:47:00,0,0,0,0,0,0,0,0,,,
5/3/2015,17:48:00,981.93,1533.24,18,9,1533.24,0,1,496.63,,,
5/3/2015,17:49:00,0,0,0,0,0,0,0,0,,,
5/3/2015,17:50:00,0,0,0,0,0,0,0,0,,,
5/3/2015,17:51:00,0,0,0,0,0,0,0,0,,,
5/3/2015,17:52:00,0,0,0,0,0,0,0,0,,,
5/3/2015,17:53:00,0,0,0,0,0,0,0,0,,,
5/3/2015,17:54:00,931.852,1477.83,18,7,1477.83,0,1,465.48,,,
5/3/2015,17:55:00,1780.016,2859.61,37,9,2859.61,0,5,852.11,,,
5/3/2015,17:56:00,1415.846,2277.62,30,7,2277.62,0,0,687.4,,,
5/3/2015,17:57:00,1629.198,2578.61,32,12,2578.61,1,2,823.94,,,
5/3/2015,17:58:00,0,0,0,0,0,0,0,0,,,
5/3/2015,17:59:00,0,0,0,0,0,0,0,0,,,
5/3/2015,18:00:00,0,0,0,0,0,0,0,0,,,
5/3/2015,18:01:00,0,0,0,0,0,0,0,0,,,
5/3/2015,18:02:00,0,0,0,0,0,0,0,0,,,
5/3/2015,18:03:00,0,0,0,0,0,0,0,0,,,
5/3/2015,18:04:00,0,0,0,0,0,0,0,0,,,
5/3/2015,18:05:00,0,0,0,0,0,0,0,0,,,
5/3/2015,18:06:00,0,0,0,0,0,0,0,0,,,
5/3/2015,18:07:00,0,0,0,0,0,0,0,0,,,
5/3/2015,18:08:00,0,0,0,0,0,0,0,0,,,
5/3/2015,18:09:00,0,0,0,0,0,0,0,0,,,
5/3/2015,18:10:00,1477.568,2345.96,30,10,2345.96,0,0,731.5,,,
5/3/2015,18:11:00,0,0,0,0,0,0,0,0,,,
5/3/2015,18:12:00,0,0,0,0,0,0,0,0,,,
5/3/2015,18:13:00,0,0,0,0,0,0,0,0,,,
5/3/2015,18:14:00,0,0,0,0,0,0,0,0,,,
5/3/2015,18:15:00,0,0,0,0,0,0,0,0,,,
5/3/2015,18:16:00,0,0,0,0,0,0,0,0,,,
5/3/2015,18:17:00,0,0,0,0,0,0,0,0,,,
5/3/2015,18:18:00,1655.496,2680.04,36,7,2680.04,0,1,818.07,,,
5/3/2015,18:19:00,1589.042,2495.8,29,13,2495.8,0,1,800.43,,,
5/3/2015,18:20:00,0,0,0,0,0,0,0,0,,,
5/3/2015,18:21:00,0,0,0,0,0,0,0,0,,,
5/3/2015,18:22:00,0,0,0,0,0,0,0,0,,,
5/3/2015,18:23:00,0,0,0,0,0,0,0,0,,,
5/3/2015,18:24:00,0,0,0,0,0,0,0,0,,,
5/3/2015,18:25:00,0,0,0,0,0,0,0,0,,,
5/3/2015,18:26:00,0,0,0,0,0,0,0,0,,,
5/3/2015,18:27:00,1351.296,2167.4,28,8,2167.4,0,1,670.38,,,
5/3/2015,18:28:00,87.096,145.16,2,0,145.16,0,1,44.26,,,
5/3/2015,18:29:00,0,0,0,0,0,0,0,0,,,
5/3/2015,18:30:00,0,0,0,0,0,0,0,0,,,
5/3/2015,18:31:00,0,0,0,0,0,0,0,0,,,
5/3/2015,18:32:00,0,0,0,0,0,0,0,0,,,
5/3/2015,18:33:00,0,0,0,0,0,0,0,0,,,
5/3/2015,18:34:00,0,0,0,0,0,0,0,0,,,
5/3/2015,18:35:00,0,0,0,0,0,0,0,0,,,
5/3/2015,18:36:00,0,0,0,0,0,0,0,0,,,
5/3/2015,18:37:00,1431.576,2248.42,28,12,2248.42,0,1,739.33,,,
5/3/2015,18:38:00,0,0,0,0,0,0,0,0,,,
5/3/2015,18:39:00,0,0,0,0,0,0,0,0,,,
5/3/2015,18:40:00,0,0,0,0,0,0,0,0,,,
5/3/2015,18:41:00,0,0,0,0,0,0,0,0,,,
5/3/2015,18:42:00,1090.636,1720.55,21,9,1720.55,0,0,554.24,,,
5/3/2015,18:43:00,1919.621,3049.87,37,12,3049.87,2,0,938.05,,,
5/3/2015,18:44:00,1904.897,3016.65,38,14,3016.65,1,0,952.51,,,
5/3/2015,18:45:00,0,0,0,0,0,0,0,0,,,
5/3/2015,18:46:00,843.576,1350.63,17,4,1350.63,1,0,427.99,,,
5/3/2015,18:47:00,142.226,226.51,3,1,226.51,0,2,74.6,,,
5/3/2015,18:48:00,483.47,773.86,10,3,773.86,0,0,246.42,,,
5/3/2015,18:49:00,458.36,728.94,9,3,728.94,0,0,236.62,,,
5/3/2015,18:50:00,0,0,0,0,0,0,0,0,,,
5/3/2015,18:51:00,270.786,439.14,6,1,439.14,0,2,144.37,,,
5/3/2015,18:52:00,621.454,980.51,12,5,980.51,0,3,318.96,,,
5/3/2015,18:53:00,0,0,0,0,0,0,0,0,,,
5/3/2015,18:54:00,0,0,0,0,0,0,0,0,,,
5/3/2015,18:55:00,0,0,0,0,0,0,0,0,,,
5/3/2015,18:56:00,0,0,0,0,0,0,0,0,,,
5/3/2015,18:57:00,0,0,0,0,0,0,0,0,,,
5/3/2015,18:58:00,0,0,0,0,0,0,0,0,,,
5/3/2015,18:59:00,0,0,0,0,0,0,0,0,,,
5/3/2015,19:00:00,0,0,0,0,0,0,0,0,,,
5/3/2015,19:01:00,306.042,468.34,5,4,468.34,0,3,167.67,,,
5/3/2015,19:02:00,1130.962,1796.35,22,7,1796.35,2,1,560.29,,,
5/3/2015,19:03:00,0,0,0,0,0,0,0,0,,,
5/3/2015,19:04:00,0,0,0,0,0,0,0,0,,,
5/3/2015,19:05:00,1476.126,2349.54,29,10,2349.54,0,0,714.95,,,
5/3/2015,19:06:00,1330.6,2143.27,28,7,2143.27,0,0,639.21,,,
5/3/2015,19:07:00,1743.79,2773.84,35,12,2773.84,0,0,857.58,,,
5/3/2015,19:08:00,1662.856,2647.01,34,11,2647.01,0,3,823.71,,,
5/3/2015,19:09:00,109.798,170.28,2,1,170.28,0,0,55.89,,,
5/3/2015,19:10:00,0,0,0,0,0,0,0,0,,,
5/3/2015,19:11:00,1658.012,2643.21,32,11,2643.21,0,0,778.01,,,
5/3/2015,19:12:00,932.122,1465.68,15,7,1465.68,1,0,423.52,,,
5/3/2015,19:13:00,0,0,0,0,0,0,0,0,,,
5/3/2015,19:14:00,1107.302,1764.87,22,7,1764.87,0,2,549.86,,,
5/3/2015,19:15:00,335.202,517.78,6,4,517.78,0,1,177.34,,,
5/3/2015,19:16:00,0,0,0,0,0,0,0,0,,,
5/3/2015,19:17:00,0,0,0,0,0,0,0,0,,,
5/3/2015,19:18:00,0,0,0,0,0,0,0,0,,,
5/3/2015,19:19:00,0,0,0,0,0,0,0,0,,,
5/3/2015,19:20:00,1523.756,2419.45,30,10,2419.45,0,0,778.15,,,
5/3/2015,19:21:00,0,0,0,0,0,0,0,0,,,
5/3/2015,19:22:00,0,0,0,0,0,0,0,0,,,
5/3/2015,19:23:00,0,0,0,0,0,0,0,0,,,
5/3/2015,19:24:00,0,0,0,0,0,0,0,0,,,
5/3/2015,19:25:00,0,0,0,0,0,0,0,0,,,
5/3/2015,19:26:00,0,0,0,0,0,0,0,0,,,
5/3/2015,19:27:00,0,0,0,0,0,0,0,0,,,
5/3/2015,19:28:00,0,0,0,0,0,0,0,0,,,
5/3/2015,19:29:00,0,0,0,0,0,0,0,0,,,
5/3/2015,19:30:00,0,0,0,0,0,0,0,0,,,
5/3/2015,19:31:00,0,0,0,0,0,0,0,0,,,
5/3/2015,19:32:00,0,0,0,0,0,0,0,0,,,
5/3/2015,19:33:00,1139.564,1797.72,22,9,1797.72,0,1,582.81,,,
5/3/2015,19:34:00,700.286,1100.83,13,7,1100.83,0,0,378.25,,,
5/3/2015,19:35:00,0,0,0,0,0,0,0,0,,,
5/3/2015,19:36:00,0,0,0,0,0,0,0,0,,,
5/3/2015,19:37:00,0,0,0,0,0,0,0,0,,,
5/3/2015,19:38:00,0,0,0,0,0,0,0,0,,,
5/3/2015,19:39:00,0,0,0,0,0,0,0,0,,,
5/3/2015,19:40:00,1406.74,2207.52,26,12,2207.52,0,2,696.65,,,
5/3/2015,19:41:00,108.942,168.84,2,1,168.84,0,0,58.01,,,
5/3/2015,19:42:00,0,0,0,0,0,0,0,0,,,
5/3/2015,19:43:00,0,0,0,0,0,0,0,0,,,
5/3/2015,19:44:00,0,0,0,0,0,0,0,0,,,
5/3/2015,19:45:00,0,0,0,0,0,0,0,0,,,
5/3/2015,19:46:00,0,0,0,0,0,0,0,0,,,
5/3/2015,19:47:00,0,0,0,0,0,0,0,0,,,
5/3/2015,19:48:00,0,0,0,0,0,0,0,0,,,
5/3/2015,19:49:00,0,0,0,0,0,0,0,0,,,
5/3/2015,19:50:00,0,0,0,0,0,0,0,0,,,
5/3/2015,19:51:00,1496.962,2406.89,31,8,2406.89,1,1,758.83,,,
5/3/2015,19:52:00,1527.69,2458.45,32,7,2458.45,1,0,752.82,,,
5/3/2015,19:53:00,38.358,63.93,1,0,63.93,0,0,32.19,,,
5/3/2015,19:54:00,0,0,0,0,0,0,0,0,,,
5/3/2015,19:55:00,0,0,0,0,0,0,0,0,,,
5/3/2015,19:56:00,0,0,0,0,0,0,0,0,,,
5/3/2015,19:57:00,0,0,0,0,0,0,0,0,,,
5/3/2015,19:58:00,0,0,0,0,0,0,0,0,,,
5/3/2015,19:59:00,0,0,0,0,0,0,0,0,,,
5/3/2015,20:00:00,0,0,0,0,0,0,0,0,,,
5/3/2015,20:01:00,0,0,0,0,0,0,0,0,,,
5/3/2015,20:02:00,0,0,0,0,0,0,0,0,,,
5/3/2015,20:03:00,0,0,0,0,0,0,0,0,,,
5/3/2015,20:04:00,0,0,0,0,0,0,0,0,,,
5/3/2015,20:05:00,0,0,0,0,0,0,0,0,,,
5/3/2015,20:06:00,0,0,0,0,0,0,0,0,,,
5/3/2015,20:07:00,0,0,0,0,0,0,0,0,,,
5/3/2015,20:08:00,848.31,1343.67,17,6,1343.67,0,0,458.85,,,
5/3/2015,20:09:00,737.391,1166.79,14,5,1166.79,1,0,365.57,,,
5/3/2015,20:10:00,0,0,0,0,0,0,0,0,,,
5/3/2015,20:11:00,0,0,0,0,0,0,0,0,,,
5/3/2015,20:12:00,44.22,73.7,1,0,73.7,0,2,22.55,,,
5/3/2015,20:13:00,1636.496,2631.53,34,8,2631.53,1,0,814.35,,,
5/3/2015,20:14:00,1410.138,2296.16,31,5,2296.16,0,1,662,,,
5/3/2015,20:15:00,0,0,0,0,0,0,0,0,,,
5/3/2015,20:16:00,0,0,0,0,0,0,0,0,,,
5/3/2015,20:17:00,0,0,0,0,0,0,0,0,,,
5/3/2015,20:18:00,0,0,0,0,0,0,0,0,,,
5/3/2015,20:19:00,0,0,0,0,0,0,0,0,,,
5/3/2015,20:20:00,0,0,0,0,0,0,0,0,,,
5/3/2015,20:21:00,0,0,0,0,0,0,0,0,,,
5/3/2015,20:22:00,0,0,0,0,0,0,0,0,,,
5/3/2015,20:23:00,0,0,0,0,0,0,0,0,,,
5/3/2015,20:24:00,0,0,0,0,0,0,0,0,,,
5/3/2015,20:25:00,549.722,891.99,12,2,891.99,0,1,271.99,,,
5/3/2015,20:26:00,876.628,1404.75,19,5,1404.75,0,1,445.67,,,
5/3/2015,20:27:00,0,0,0,0,0,0,0,0,,,
5/3/2015,20:28:00,0,0,0,0,0,0,0,0,,,
5/3/2015,20:29:00,0,0,0,0,0,0,0,0,,,
5/3/2015,20:30:00,0,0,0,0,0,0,0,0,,,
5/3/2015,20:31:00,0,0,0,0,0,0,0,0,,,
5/3/2015,20:32:00,537.808,861.21,11,3,861.21,0,1,265.33,,,
5/3/2015,20:33:00,1197.998,1950.79,27,4,1950.79,0,2,573.76,,,
5/3/2015,20:34:00,0,0,0,0,0,0,0,0,,,
5/3/2015,20:35:00,0,0,0,0,0,0,0,0,,,
5/3/2015,20:36:00,0,0,0,0,0,0,0,0,,,
5/3/2015,20:37:00,0,0,0,0,0,0,0,0,,,
5/3/2015,20:38:00,37.023,52.89,0,0,52.89,1,2,20.6,,,
5/3/2015,20:39:00,1373.957,2219.28,29,6,2219.28,1,0,661.04,,,
5/3/2015,20:40:00,0,0,0,0,0,0,0,0,,,
5/3/2015,20:41:00,0,0,0,0,0,0,0,0,,,
5/3/2015,20:42:00,0,0,0,0,0,0,0,0,,,
5/3/2015,20:43:00,0,0,0,0,0,0,0,0,,,
5/3/2015,20:44:00,0,0,0,0,0,0,0,0,,,
5/3/2015,20:45:00,0,0,0,0,0,0,0,0,,,
5/3/2015,20:46:00,902.694,1468.94,20,3,1468.94,0,0,442.13,,,
5/3/2015,20:47:00,992.834,1595.73,18,5,1595.73,0,0,437.83,,,
5/3/2015,20:48:00,0,0,0,0,0,0,0,0,,,
5/3/2015,20:49:00,0,0,0,0,0,0,0,0,,,
5/3/2015,20:50:00,0,0,0,0,0,0,0,0,,,
5/3/2015,20:51:00,0,0,0,0,0,0,0,0,,,
5/3/2015,20:52:00,0,0,0,0,0,0,0,0,,,
5/3/2015,20:53:00,1479.758,2331.25,28,12,2331.25,0,0,739.19,,,
5/3/2015,20:54:00,0,0,0,0,0,0,0,0,,,
5/3/2015,20:55:00,1722.686,2733.24,35,12,2733.24,0,2,853.85,,,
5/3/2015,20:56:00,44.376,73.96,1,0,73.96,0,1,23.65,,,
5/3/2015,20:57:00,0,0,0,0,0,0,0,0,,,
5/3/2015,20:58:00,0,0,0,0,0,0,0,0,,,
5/3/2015,20:59:00,0,0,0,0,0,0,0,0,,,
